Total cost,months,Installment amount
"2,500.00 €",48,52.09 €
"2,500.00 €",54,46.30 €
"2,500.00 €",60,41.67 €
"2,550.00 €",48,53.13 €
"2,550.00 €",54,47.23 €
"2,550.00 €",60,42.50 €
"2,600.00 €",48,54.17 €
"2,600.00 €",54,48.15 €
"2,600.00 €",60,43.34 €
"2,650.00 €",48,55.21 €
"2,650.00 €",54,49.08 €
"2,650.00 €",60,44.17 €
"2,700.00 €",48,56.25 €
"2,700.00 €",54,50.00 €
"2,700.00 €",60,45.00 €
"2,750.00 €",48,57.30 €
"2,750.00 €",54,50.93 €
"2,750.00 €",60,45.84 €
"2,800.00 €",48,58.34 €
"2,800.00 €",54,51.86 €
"2,800.00 €",60,46.67 €
"2,850.00 €",48,59.38 €
"2,850.00 €",54,52.78 €
"2,850.00 €",60,47.50 €
"2,900.00 €",48,60.42 €
"2,900.00 €",54,53.71 €
"2,900.00 €",60,48.34 €
"2,950.00 €",48,61.46 €
"2,950.00 €",54,54.63 €
"2,950.00 €",60,49.17 €
"3,000.00 €",48,62.50 €
"3,000.00 €",54,55.56 €
"3,000.00 €",60,50.00 €
"3,050.00 €",48,63.55 €
"3,050.00 €",54,56.49 €
"3,050.00 €",60,50.84 €
"3,100.00 €",48,64.59 €
"3,100.00 €",54,57.41 €
"3,100.00 €",60,51.67 €
"3,150.00 €",48,65.63 €
"3,150.00 €",54,58.34 €
"3,150.00 €",60,52.50 €
"3,200.00 €",48,66.67 €
"3,200.00 €",54,59.26 €
"3,200.00 €",60,53.34 €
"3,250.00 €",48,67.71 €
"3,250.00 €",54,60.19 €
"3,250.00 €",60,54.17 €
"3,300.00 €",48,68.75 €
"3,300.00 €",54,61.12 €
"3,300.00 €",60,55.00 €
"3,350.00 €",48,69.80 €
"3,350.00 €",54,62.04 €
"3,350.00 €",60,55.84 €
"3,400.00 €",48,70.84 €
"3,400.00 €",54,62.97 €
"3,400.00 €",60,56.67 €
"3,450.00 €",48,71.88 €
"3,450.00 €",54,63.89 €
"3,450.00 €",60,57.50 €
"3,500.00 €",48,72.92 €
"3,500.00 €",54,64.82 €
"3,500.00 €",60,58.34 €
"3,550.00 €",48,73.96 €
"3,550.00 €",54,65.75 €
"3,550.00 €",60,59.17 €
"3,600.00 €",48,75.00 €
"3,600.00 €",54,66.67 €
"3,600.00 €",60,60.00 €
"3,650.00 €",48,76.05 €
"3,650.00 €",54,67.60 €
"3,650.00 €",60,60.84 €
"3,700.00 €",48,77.09 €
"3,700.00 €",54,68.52 €
"3,700.00 €",60,61.67 €
"3,750.00 €",48,78.13 €
"3,750.00 €",54,69.45 €
"3,750.00 €",60,62.50 €
"3,800.00 €",48,79.17 €
"3,800.00 €",54,70.38 €
"3,800.00 €",60,63.34 €
"3,850.00 €",48,80.21 €
"3,850.00 €",54,71.30 €
"3,850.00 €",60,64.17 €
"3,900.00 €",48,81.25 €
"3,900.00 €",54,72.23 €
"3,900.00 €",60,65.00 €
"3,950.00 €",48,82.30 €
"3,950.00 €",54,73.15 €
"3,950.00 €",60,65.84 €
"4,000.00 €",48,83.34 €
"4,000.00 €",54,74.08 €
"4,000.00 €",60,66.67 €
"4,050.00 €",48,84.38 €
"4,050.00 €",54,75.00 €
"4,050.00 €",60,67.50 €
"4,100.00 €",48,85.42 €
"4,100.00 €",54,75.93 €
"4,100.00 €",60,68.34 €
"4,150.00 €",48,86.46 €
"4,150.00 €",54,76.86 €
"4,150.00 €",60,69.17 €
"4,200.00 €",48,87.50 €
"4,200.00 €",54,77.78 €
"4,200.00 €",60,70.00 €
"4,250.00 €",48,88.55 €
"4,250.00 €",54,78.71 €
"4,250.00 €",60,70.84 €
"4,300.00 €",48,89.59 €
"4,300.00 €",54,79.63 €
"4,300.00 €",60,71.67 €
"4,350.00 €",48,90.63 €
"4,350.00 €",54,80.56 €
"4,350.00 €",60,72.50 €
"4,400.00 €",48,91.67 €
"4,400.00 €",54,81.49 €
"4,400.00 €",60,73.34 €
"4,450.00 €",48,92.71 €
"4,450.00 €",54,82.41 €
"4,450.00 €",60,74.17 €
"4,500.00 €",48,93.75 €
"4,500.00 €",54,83.34 €
"4,500.00 €",60,75.00 €